<?xml version="1.0" encoding="UTF-8" standalone="yes"?>
<addon id="AmerikanoTugaUTP-TV.repository" name="[COLOR red][B]AMERIKANO[/B][/COLOR][COLOR green][B]TUGA[/B][/COLOR] / UTP-TV Repository" version="2.1" provider-name="under">
	<extension point="xbmc.addon.repository" name="AmerikanoTugaUTP-TV.repository">
	
	<info compressed="false">https://github.com/amerikanotech/repo/raw/master/addons.xml</info>
		<checksum>https://github.com/amerikanotech/repo/raw/master/addons.xml.md5</checksum>
		<datadir zip="true">https://github.com/amerikanotech/repo/raw/master/zip/</datadir>
	</extension>
	<extension point="xbmc.addon.metadata">
		<summary>[COLOR red][B]AMERIKANO[/B][/COLOR][COLOR green][B]TUGA[/B][/COLOR] / UTP-TV</summary>
		<description>
[COLOR red][B]AMERIKANO[/B][/COLOR][COLOR green][B]TUGA[/B][/COLOR] / UTP-TV Repository
		 </description> 
		
		<platform>all</platform>
	</extension>
</addon>